Name,Address,Date,Time,Neighborhood,Age,Gender,Race,Latitude,Longitude
1,"3000 W. Lawrence Ave., Chicago, IL",1/2/2012,2:22 a.m.,Albany Park,19,Male,White,41.968762,-87.70387
2,"2400 E. 78th St., Chicago, IL",1/2/2012,5:30 p.m.,South Shore,34,Male,Black,41.753549,-87.5662502
3,"2400 W. 71st St., Chicago, IL",1/3/2012,6:01 p.m.,Chicago Lawn,26,Male,Black,41.764703,-87.6833121
4,"1000 N. Pulaski Rd., Chicago, IL",1/3/2012,12:10 p.m.,Humboldt Park,27,Male,Black,41.899155,-87.726526
5,"5700 S. Laflin St., Chicago, IL",1/4/2012,8:10 p.m.,West Englewood,15,Male,Black,41.790258,-87.66239
6,"4600 W. Monroe St., Chicago, IL",1/5/2012,1:55 a.m.,Austin,51,Male,Black,41.8793249,-87.7405902
7,"4400 W. Monroe St., Chicago, IL",1/6/2012,12:25 p.m.,West Garfield Park,44,Male,Black,41.8796708,-87.7354535
8,"5600 S. Justine St., Chicago, IL",1/7/2012,5:54 p.m.,West Englewood,32,Female,Black,41.7921996,-87.6633389
9,"2300 S. Whipple St., Chicago, IL",1/8/2012,6:09 a.m.,South Lawndale,24,Male,White,41.8498469,-87.701862
10,"2200 N. Lawler Ave., Chicago, IL",1/8/2012,3 a.m.,Belmont Cragin,17,Male,White,41.920647,-87.752698
11,"1 W. 69th St., Chicago, IL",1/8/2012,3:47 a.m.,Greater Grand Crossing,18,Male,Black,41.7691195,-87.6249673
12,"5700 S. Sangamon St., Chicago, IL",1/9/2012,8:28 a.m.,Englewood,23,Male,Black,41.790449,-87.6490479
13,"5800 N. Kenmore Ave., Chicago, IL",1/9/2012,11:42 p.m.,Edgewater,32,Male,Black,41.987547,-87.657122
14,"8400 S. Peoria St., Chicago, IL",1/10/2012,11:45 p.m.,Auburn Gresham,18,Male,Black,41.7414748,-87.6462285
15,"4900 W. Polk St., Chicago, IL",1/10/2012,5:43 p.m.,Austin,26,Male,Black,41.870492,-87.747137
16,"5800 S. Fairfield Ave., Chicago, IL",1/13/2012,10:35 p.m.,Gage Park,31,Male,White,41.788104,-87.692766
17,"1400 E. 76th St., Chicago, IL",1/14/2012,12:57 p.m.,South Shore,31,Male,Black,41.757191,-87.590571
18,"6300 S. Campbell Ave., Chicago, IL",1/16/2012,6:40 p.m.,Chicago Lawn,21,Male,Black,41.7791945,-87.6860993
19,"1500 W. 94th St., Chicago, IL",1/17/2012,4:30 p.m.,Washington Heights,19,Male,Black,41.7230766,-87.6602959
20,"7200 S. Western Ave., Chicago, IL",1/19/2012,3:33 a.m.,Chicago Lawn,18,Male,Black,41.7626,-87.683579
21,"300 W. Chicago Ave., Chicago, IL",1/20/2012,9:57 p.m.,Near North Side,22,Male,Black,41.8966006,-87.6357174
22,"1800 W. Juneway Terrace, Chicago, IL",1/20/2012,10:45 p.m.,Rogers Park,15,Male,Black,42.022792,-87.674571
23,"600 E. 90th Pl., Chicago, IL",1/22/2012,2:35 a.m.,Chatham,39,Male,Black,41.730445,-87.609353
24,"7400 S. Merrill Ave., Chicago, IL",1/22/2012,6 p.m.,South Shore,23,Male,Black,41.760564,-87.572815
25,"7600 N. Sheridan Rd., Chicago, IL",1/23/2012,12:30 a.m.,Rogers Park,26,Male,Black,42.019401,-87.666521
26,"7600 N. Sheridan Rd., Chicago, IL",1/23/2012,12:30 a.m.,Rogers Park,27,Male,Black,42.019401,-87.666521
27,"2000 W. 68th St., Chicago, IL",1/23/2012,3:54 p.m.,West Englewood,22,Male,Black,41.770517,-87.673975
28,"5600 S. Perry Ave., Chicago, IL",1/24/2012,12:59 a.m.,Washington Park,39,Female,Black,41.792735,-87.628024
29,"1900 S. Troy St., Chicago, IL",2/1/2012,3:26 p.m.,North Lawndale,28,Male,Black,41.8554047,-87.7041453
30,"5900 S. Calumet Ave., Chicago, IL",2/2/2012,10:10 p.m.,Washington Park,20,Male,Black,41.7874666,-87.6174363
31,"2800 W. 66th St., Chicago, IL",2/5/2012,11:45 a.m.,Chicago Lawn,15,Male,Black,41.7736458,-87.6932603
32,"1200 W. 59th St., Chicago, IL",2/8/2012,12:30 a.m.,West Englewood,22,Male,Black,41.7869017,-87.6547039
33,"1100 N. Western Ave., Chicago, IL",2/9/2012,8:50 p.m.,West Town,57,Female,Black,41.9017182,-87.6869317
34,"3000 W. 23rd St., Chicago, IL",2/11/2012,3:30 a.m.,South Lawndale,24,Male,White,41.8500197,-87.7003002
35,"200 N. Lorel Ave., Chicago, IL",2/11/2012,4:30 a.m.,Austin,20,Male,Black,41.88448,-87.759271
36,"1900 S. Lawndale Ave., Chicago, IL",2/12/2012,1 a.m.,North Lawndale,34,Male,Black,41.854945,-87.71791
37,"6400 S. King Dr., Chicago, IL",2/16/2012,6:46 p.m.,Greater Grand Crossing,19,Male,Black,41.7783997,-87.6156116
38,"3500 W. Huron St., Chicago, IL",2/17/2012,1:10 p.m.,Humboldt Park,21,Male,Black,41.893939,-87.7139849
39,"3400 N. Monticello Ave., Chicago, IL",2/18/2012,7:33 p.m.,Avondale,17,Male,White,41.9428657,-87.7187318
40,"1600 N. Elston Ave., Chicago, IL",2/19/2012,2:53 a.m.,West Town,25,Male,Asian,41.910704,-87.6621738
41,"5300 S. Hoyne Ave., Chicago, IL",2/19/2012,6:25 p.m.,New City,27,Male,Black,41.797418,-87.677176
42,"5000 S. Hermitage Ave., Chicago, IL",2/19/2012,12:30 p.m.,New City,22,Male,Black,41.802979,-87.668814
43,"2800 W. 25th St., Chicago, IL",2/19/2012,5:43 p.m.,South Lawndale,22,Male,White,41.8464704,-87.6952859
44,"2500 E. 79th St., Chicago, IL",2/19/2012,6:40 p.m.,South Shore,19,Male,Black,41.7517645,-87.563802
45,"2500 E. 79th St., Chicago, IL",2/19/2012,6:40 p.m.,South Shore,54,Male,Black,41.7517645,-87.563802
46,"7000 S. Yale Ave., Chicago, IL",2/21/2012,3:34 p.m.,Greater Grand Crossing,14,Male,Black,41.7672117,-87.6310705
47,"1500 S. Kedzie Ave., Chicago, IL",2/23/2012,6:42 p.m.,North Lawndale,25,Male,Black,41.8609168,-87.7055142
48,"3800 W. Jackson Blvd., Chicago, IL",2/24/2012,1:40 p.m.,West Garfield Park,24,Male,Black,41.8771722,-87.7207231
49,"4800 S. Laflin St., Chicago, IL",2/24/2012,12:06 p.m.,New City,23,Male,White,41.806691,-87.6628269
50,"12000 S. Indiana Ave., Chicago, IL",2/25/2012,1:30 a.m.,West Pullman,59,Male,Black,41.676074,-87.618118
51,"11600 S. Ada St., Chicago, IL",2/26/2012,3:30 p.m.,West Pullman,20,Male,Black,41.68295,-87.6558079
52,"300 E. 53rd St., Chicago, IL",2/27/2012,8:02 p.m.,Washington Park,15,Male,Black,41.7984098,-87.6192972
53,"6800 S. Rockwell St., Chicago, IL",2/28/2012,9:34 p.m.,Chicago Lawn,15,Male,Black,41.769941,-87.68863
54,"5500 S. Prairie Ave., Chicago, IL",2/28/2012,6:40 p.m.,Washington Park,23,Male,Black,41.794168,-87.619449
55,"1400 W. 79th Pl., Chicago, IL",2/29/2012,12:28 p.m.,Auburn Gresham,22,Male,Black,41.7493331,-87.6731166
56,"500 E. 104th Pl., Chicago, IL",2/29/2012,6:51 p.m.,Roseland,20,Male,Black,41.704656,-87.6099955
57,"11800 S. Sangamon St., Chicago, IL",3/2/2012,9:55 a.m.,West Pullman,26,Male,Black,41.679448,-87.645966
58,"5800 W. Huron St., Chicago, IL",3/2/2012,5:05 p.m.,Austin,20,Male,Black,41.893186,-87.770248
59,"200 E. 55th Pl., Chicago, IL",3/2/2012,11:01 p.m.,Washington Park,37,Male,Black,41.7938359,-87.6208121
60,"2200 S. Wood St., Chicago, IL",3/4/2012,5:41 p.m.,Lower West Side,34,Male,White,41.8522437,-87.6709325
61,"6500 S. Drexel Ave., Chicago, IL",3/6/2012,6:40 p.m.,Woodlawn,24,Male,Black,41.776642,-87.603683
62,"3000 E. 79th Pl., Chicago, IL",3/6/2012,10:38 p.m.,South Chicago,43,Male,Black,41.7510188,-87.5514998
63,"2600 W. Lithuanian Plaza Court, Chicago, IL",3/8/2012,4:13 p.m.,Chicago Lawn,16,Male,Black,41.7682718,-87.6882869
64,"400 N. Lockwood Ave., Chicago, IL",3/9/2012,6:35 p.m.,Austin,24,Male,Black,41.887939,-87.758182
65,"1600 N. Spaulding Ave., Chicago, IL",3/10/2012,1:59 a.m.,Humboldt Park,23,Male,Black,41.9100247,-87.7094805
66,"2300 S. Damen Ave., Chicago, IL",3/12/2012,10:56 p.m.,Lower West Side,23,Male,White,41.850248,-87.676096
67,"900 E. 79th St., Chicago, IL",3/12/2012,8 p.m.,Greater Grand Crossing,25,Male,Black,41.7513121,-87.6027422
68,"8500 S. Kingston Ave., Chicago, IL",3/14/2012,5:43 p.m.,South Chicago,26,Male,Black,41.740718,-87.562774
69,"3600 W. 64th St., Chicago, IL",3/14/2012,9:48 p.m.,West Lawn,19,Male,White,41.7769868,-87.7131253
70,"3000 S. St. Louis Ave., Chicago, IL",3/15/2012,2:57 a.m.,South Lawndale,19,Male,White,41.8387927,-87.7125413
71,"5200 S. Troy St., Chicago, IL",3/16/2012,12:15 a.m.,Gage Park,42,Male,White,41.798865,-87.702833
72,"6300 N. Oakley Ave., Chicago, IL",3/16/2012,9:48 p.m.,West Ridge,19,Male,Black,41.9959672,-87.6873938
73,"3100 S. Springfield Ave., Chicago, IL",3/17/2012,3:35 p.m.,South Lawndale,6,Female,White,41.8368979,-87.7219179
74,"6400 S. Ellis Ave., Chicago, IL",3/17/2012,10:20 p.m.,Woodlawn,24,Male,Black,41.7778881,-87.6004175
75,"800 E. 79th St., Chicago, IL",3/17/2012,7:50 p.m.,Greater Grand Crossing,22,Male,Black,41.7512965,-87.6051528
76,"5900 S. Fairfield Ave., Chicago, IL",3/17/2012,7:04 p.m.,Chicago Lawn,24,Male,Black,41.7864116,-87.6923934
77,"7500 S. Wolcott Ave., Chicago, IL",3/18/2012,1:20 a.m.,Auburn Gresham,36,Male,Black,41.75738,-87.6712639
78,"1400 W. 53rd St., Chicago, IL",3/18/2012,1:55 a.m.,New City,24,Male,Black,41.7977555,-87.659833
79,"1300 N. Harding Ave., Chicago, IL",3/18/2012,10:50 p.m.,Humboldt Park,27,Male,White,41.9044525,-87.7251511
80,"2500 W. Lexington St., Chicago, IL",3/19/2012,1:36 a.m.,Near West Side,34,Male,Black,41.8720509,-87.6886237
81,"1500 W. 91st St., Chicago, IL",3/20/2012,6:18 p.m.,Washington Heights,24,Male,Black,41.7285571,-87.6604205
82,"1600 W. 72nd St., Chicago, IL",3/21/2012,10:07 a.m.,West Englewood,26,Male,Black,41.7630938,-87.663794
83,"700 W. 61st St., Chicago, IL",3/21/2012,8:37 a.m.,Englewood,30,Male,Black,41.78356,-87.642735
84,"2800 S. Kildare Ave., Chicago, IL",3/21/2012,1:13 p.m.,South Lawndale,22,Male,White,41.840336,-87.732076
85,"5500 S. Bishop St., Chicago, IL",3/22/2012,6:43 p.m.,West Englewood,39,Male,Black,41.79368,-87.6609455
86,"500 W. 75th St., Chicago, IL",3/23/2012,6:32 p.m.,Englewood,23,Male,Black,41.7580533,-87.6369469
87,"13300 S. Indiana Ave., Chicago, IL",3/24/2012,8:48 p.m.,Riverdale,22,Male,Black,41.653046,-87.618315
88,"6200 S. Honore St., Chicago, IL",3/24/2012,9:25 p.m.,West Englewood,46,Male,Black,41.7811842,-87.6703337
89,"4200 W. Cortland St., Chicago, IL",3/25/2012,9:55 a.m.,Hermosa,35,Male,White,41.9153132,-87.7313735
90,"2200 N. Lavergne Ave., Chicago, IL",3/25/2012,2:30 p.m.,Belmont Cragin,20,Male,White,41.92065,-87.751464
91,"5900 S. Halsted St., Chicago, IL",3/25/2012,12:33 a.m.,Englewood,19,Male,Black,41.786829,-87.6453219
92,"1400 W. 73rd St., Chicago, IL",3/26/2012,2:38 p.m.,West Englewood,16,Male,Black,41.761593,-87.659029
93,"1400 E. 75th St., Chicago, IL",3/27/2012,7:51 p.m.,South Shore,26,Female,Black,41.758965,-87.590635
94,"6300 S. Evans Ave., Chicago, IL",3/27/2012,10:58 p.m.,Woodlawn,34,Male,Black,41.7803591,-87.6072079
95,"6300 S. Evans Ave., Chicago, IL",3/27/2012,10:58 p.m.,Woodlawn,29,Male,Black,41.7803591,-87.6072079
96,"6300 S. Evans Ave., Chicago, IL",3/27/2012,10:58 p.m.,Woodlawn,33,Male,Black,41.7803591,-87.6072079
97,"1400 W. 79th St., Chicago, IL",3/29/2012,6 p.m.,Auburn Gresham,22,Male,Black,41.750716,-87.65889
98,"1 W. 113th Pl., Chicago, IL",3/29/2012,4:48 p.m.,Roseland,31,Male,Black,41.6880243,-87.6229893
99,"2600 S. Tripp Ave., Chicago, IL",4/1/2012,4 a.m.,South Lawndale,41,Male,White,41.8441475,-87.7306582
100,"6100 S. Washtenaw Ave., Chicago, IL",4/2/2012,7:58 p.m.,Chicago Lawn,49,Male,Black,41.782672,-87.691398
101,"6400 S. Francisco Ave., Chicago, IL",4/5/2012,8:01 p.m.,Chicago Lawn,26,Male,Black,41.777085,-87.696121
102,"6800 N. Ashland Ave., Chicago, IL",4/5/2012,2:07 p.m.,Rogers Park,22,Male,Black,42.0053874,-87.6699751
103,"800 E. 81st St., Chicago, IL",4/6/2012,12:26 p.m.,Chatham,18,Male,Black,41.7476402,-87.605048
104,"4000 S. Albany Ave., Chicago, IL",4/6/2012,11:55 p.m.,Brighton Park,28,Female,White,41.820704,-87.702299
105,"700 S. Francisco Ave., Chicago, IL",4/7/2012,1:35 p.m.,East Garfield Park,23,Male,Black,41.8728396,-87.6985446
106,"4600 S. Spaulding Ave., Chicago, IL",4/7/2012,9:48 p.m.,Brighton Park,13,Male,White,41.80977,-87.706794
107,"300 W. 108th St., Chicago, IL",4/7/2012,11:01 p.m.,Roseland,41,Female,Black,41.6979769,-87.6304715
108,"4900 W. Grace St., Chicago, IL",4/9/2012,12:53 a.m.,Portage Park,26,Male,Asian,41.949998,-87.749949
109,"600 W. 115th St., Chicago, IL",4/12/2012,7:20 p.m.,Roseland,29,Male,Black,41.6851549,-87.6373269
110,"6400 S. Langley Ave., Chicago, IL",4/14/2012,1:23 a.m.,Woodlawn,52,Male,Black,41.778421,-87.608696
111,"1100 W. 69th St., Chicago, IL",4/14/2012,2:45 a.m.,Englewood,31,Male,Black,41.7687312,-87.6518047
112,"3900 W. 19th St., Chicago, IL",4/14/2012,4:33 a.m.,NorthÂ Lawndale,21,Female,Black,41.8551718,-87.722697
113,"9600 S. Carpenter St., Chicago, IL",4/14/2012,12:38 p.m.,Washington Heights,40,Male,Black,41.7191199,-87.649484
114,"1300 S. Springfield Ave., Chicago, IL",4/15/2012,1:45 a.m.,North Lawndale,23,Male,Black,41.8643492,-87.7226954
115,"1000 N. Waller Ave., Chicago, IL",4/15/2012,2:46 a.m.,Austin,19,Male,Black,41.898592,-87.7682899
116,"2900 W. Arthington St., Chicago, IL",4/15/2012,6:59 p.m.,East Garfield Park,25,Male,Black,41.8701257,-87.6984676
117,"5800 S. Shields Ave., Chicago, IL",4/15/2012,8:29 a.m.,Englewood,28,Male,Black,41.7882932,-87.6340465
118,"4500 W. Jackson Blvd., Chicago, IL",4/16/2012,3:52 a.m.,West Garfield Park,23,Male,Black,41.8769479,-87.7378068
119,"600 E. 45th St., Chicago, IL",4/16/2012,8:35 p.m.,Grand Boulevard,25,Male,Black,41.8131033,-87.6115306
120,"1200 N. Artesian Ave., Chicago, IL",4/18/2012,10:57 p.m.,West Town,26,Male,White,41.9030022,-87.6882675
121,"700 E. 87th Pl., Chicago, IL",4/18/2012,10:57 p.m.,Chatham,58,Male,Black,41.73596,-87.607061
122,"1900 W. 48th St., Chicago, IL",4/20/2012,8:26 p.m.,New City,20,Male,White,41.806966,-87.672376
123,"1400 N. Keeler Ave., Chicago, IL",4/20/2012,5:17 p.m.,Humboldt Park,20,Male,Black,41.9062332,-87.7313152
124,"2400 W. 34th Pl., Chicago, IL",4/21/2012,1:21 p.m.,McKinley Park,26,Male,White,41.8311859,-87.6850778
125,"2300 W. Grenshaw St., Chicago, IL",4/22/2012,2:50 a.m.,Near West Side,23,Male,White,41.8675492,-87.6848382
126,"1400 W. 72nd Pl., Chicago, IL",4/22/2012,12:15 p.m.,West Englewood,23,Male,Black,41.762502,-87.659056
127,"7900 S. Campbell Ave., Chicago, IL",4/24/2012,11:36 p.m.,Ashburn,26,Male,Black,41.7500136,-87.6853069
128,"9000 S. Western Ave., Chicago, IL",4/27/2012,1:58 a.m.,Beverly,20,Male,Black,41.7301654,-87.6824443
129,"6300 S. St. Lawrence Ave., Chicago, IL",4/28/2012,8:14 p.m.,Woodlawn,21,Male,Black,41.7803076,-87.6108266
130,"5200 W. Kinzie St., Chicago, IL",4/29/2012,3:20 a.m.,Austin,21,Male,Black,41.8878192,-87.7553241
131,"3600 S. California Ave., Chicago, IL",4/29/2012,11 p.m.,Brighton Park,23,Male,White,41.8282461,-87.6947949
132,"400 N. Lawler Ave., Chicago, IL",4/30/2012,6:53 p.m.,Austin,26,Male,Black,41.887957,-87.752015
133,"4500 S. Troy St., Chicago, IL",4/30/2012,10:26 p.m.,Brighton Park,27,Male,White,41.811649,-87.703208
134,"1700 N. Monitor Ave., Chicago, IL",5/2/2012,11:52 p.m.,Austin,29,Male,Black,41.911259,-87.771868
135,"3500 S. Parnell Ave., Chicago, IL",5/3/2012,5:13 a.m.,Bridgeport,25,Male,Black,41.8308091,-87.6400368
136,"9000 S. Racine Ave., Chicago, IL",5/3/2012,5:05 p.m.,Washington Heights,20,Male,Black,41.730315,-87.653523
137,"9000 S. Racine Ave., Chicago, IL",5/3/2012,5:05 p.m.,Washington Heights,26,Male,Black,41.730315,-87.653523
138,"12100 S. Green St., Chicago, IL",5/4/2012,9:16 p.m.,West Pullman,16,Male,Black,41.6740203,-87.6430119
139,"1300 W. 13th St., Chicago, IL",5/6/2012,1:26 a.m.,Near West Side,33,Male,Black,41.8651125,-87.6589404
140,"4000 W. West End Ave., Chicago, IL",5/8/2012,6:39 p.m.,West Garfield Park,22,Male,Black,41.8833752,-87.7257469
141,"1 W. 108th Pl., Chicago, IL",5/9/2012,1:10 p.m.,Roseland,24,Male,Black,41.6970132,-87.623602
142,"3600 N. Ashland Ave., Chicago, IL",5/9/2012,3:37 a.m.,Lakeview,26,Male,White,41.9472809,-87.669233
143,"5300 S. Hoyne Ave., Chicago, IL",5/10/2012,4:47 p.m.,New City,20,Male,Black,41.797418,-87.677176
144,"5300 S. Hoyne Ave., Chicago, IL",5/10/2012,4:47 p.m.,New City,20,Male,Black,41.797418,-87.677176
145,"3500 W. 83rd Pl., Chicago, IL",5/11/2012,11:59 p.m.,Ashburn,28,Male,Black,41.741737,-87.709642
146,"1600 W. 79th St., Chicago, IL",5/11/2012,11 p.m.,Auburn Gresham,21,Male,Black,41.7503533,-87.6635231
147,"2700 S. Homan Ave., Chicago, IL",5/11/2012,8:49 p.m.,South Lawndale,24,Male,White,41.842498,-87.7101969
148,"6200 S. Rhodes Ave., Chicago, IL",5/12/2012,7:29 a.m.,Woodlawn,43,Male,Black,41.781942,-87.612409
149,"6400 S. Maryland Ave., Chicago, IL",5/12/2012,1:30 a.m.,Woodlawn,28,Female,Black,41.778442,-87.604992
150,"1600 N. Mozart St., Chicago, IL",5/13/2012,12:13 a.m.,West Town,36,Male,White,41.9102649,-87.6980368
151,"1300 S. Throop St., Chicago, IL",5/14/2012,1:44 a.m.,Near West Side,30,Male,Black,41.770619,-87.657044
152,"7900 S. Laflin St., Chicago, IL",5/17/2012,7:13 p.m.,Auburn Gresham,22,Male,Black,41.7503777,-87.6610317
153,"2600 W. 37th Pl., Chicago, IL",5/18/2012,8:56 p.m.,Brighton Park,14,Male,White,41.8256296,-87.6898248
154,"8000 S. Brandon Ave., Chicago, IL",5/19/2012,10 p.m.,South Chicago,12,Male,Black,41.750015,-87.54713
155,"11600 S. Peoria St., Chicago, IL",5/19/2012,2:25 a.m.,West Pullman,23,Male,Black,41.683113,-87.645319
156,"10100 S. Michigan Ave., Chicago, IL",5/20/2012,12:09 a.m.,Roseland,35,Male,Black,41.7107219,-87.6202349
157,"7900 S. Troy St., Chicago, IL",5/20/2012,9:20 p.m.,Ashburn,24,Male,Black,41.7496205,-87.70118
158,"2200 S. Leavitt St., Chicago, IL",5/21/2012,12:40 a.m.,Lower West Side,27,Male,White,41.8534316,-87.6808992
159,"2200 S. Leavitt St., Chicago, IL",5/21/2012,12:40 a.m.,Lower West Side,26,Male,White,41.8534316,-87.6808992
160,"11600 S. Hale Ave., Chicago, IL",5/22/2012,1:40 a.m.,Morgan Park,30,Male,Black,41.682648,-87.672983
161,"7000 S. Perry Ave., Chicago, IL",5/22/2012,3:50 p.m.,Greater Grand Crossing,30,Male,Black,41.7672639,-87.6282291
162,"200 N. Lorel Ave., Chicago, IL",5/22/2012,10:30 p.m.,Austin,51,Male,Black,41.88448,-87.759271
163,"600 E. 88th St., Chicago, IL",5/25/2012,4:33 a.m.,Chatham,47,Male,Black,41.735012,-87.609466
164,"6500 S. Kenwood Ave. , Chicago, IL",5/25/2012,6:34 p.m.,Woodlawn,48,Female,White,41.776781,-87.593424
165,"6500 S. Kenwood Ave., Chicago, IL",5/25/2012,6:34 p.m.,Woodlawn,69,Male,White,41.776781,-87.593424
166,"5300 S. Justine St., Chicago, IL",5/25/2012,10:32 p.m.,New City,27,Male,Black,41.7975629,-87.6637949
167,"1500 S. Millard Ave., Chicago, IL",5/26/2012,2:16 a.m.,North Lawndale,17,Male,Black,41.8607705,-87.716484
168,"11100 S. Normal Ave., Chicago, IL",5/26/2012,10:44 p.m.,Roseland,18,Male,Black,41.6924232,-87.6351612
169,"2400 W. Roosevelt Rd., Chicago, IL",5/27/2012,2:12 a.m.,Near West Side,19,Male,Black,41.8637171,-87.8618068
170,"5000 S. St. Lawrence Ave., Chicago, IL",5/28/2012,1:15 a.m.,Grand Boulevard,35,Male,Black,41.8039465,-87.6113514
171,"3000 S. Kostner Ave., Chicago, IL",5/28/2012,5:31 a.m.,South Lawndale,35,Female,White,41.838478,-87.73445
172,"1500 S. Spaulding Ave., Chicago, IL",5/28/2012,5:36 p.m.,North Lawndale,19,Male,Black,41.860763,-87.7082889
173,"1700 E. 68th St., Chicago, IL",5/28/2012,9:56 p.m.,South Shore,23,Male,Black,41.7715636,-87.5821223
174,"1500 S. Sawyer Ave., Chicago, IL",5/28/2012,6:06 p.m.,North Lawndale,40,Female,Black,41.86078,-87.707066
175,"5100 N. Broadway, Chicago, IL",5/29/2012,2:15 a.m.,Uptown,13,Male,White,41.974834,-87.660185
176,"11300 S. Vincennes Ave., Chicago, IL",5/31/2012,10:28 a.m.,Morgan Park,36,Male,Black,41.68838,-87.666048
177,"1300 W. Washburne Ave., Chicago, IL",6/2/2012,12:29 a.m.,Near West Side,26,Male,Black,41.8661376,-87.6551235
178,"7300 S. Coles Ave., Chicago, IL",6/2/2012,3:43 p.m.,South Shore,16,Male,Black,41.762985,-87.562201
179,"1100 N. Keystone Ave., Chicago, IL",6/2/2012,10:26 p.m.,Humboldt Park,26,Male,Black,41.90095,-87.7278089
180,"7100 S. Western Ave., Chicago, IL",6/4/2012,10:25 p.m.,Chicago Lawn,31,Male,Black,41.7645591,-87.6836742
181,"6800 S. Calumet Ave., Chicago, IL",6/5/2012,10:41 p.m.,Greater Grand Crossing,22,Male,Black,41.7710966,-87.617012
182,"13000 S. Drexel Ave., Chicago, IL",6/6/2012,3:40 p.m.,Riverdale,33,Male,Black,41.6586335,-87.6020262
183,"5100 S. May St., Chicago, IL",6/8/2012,4:43 p.m.,New City,26,Male,Black,41.801307,-87.654192
184,"5100 S. May St., Chicago, IL",6/8/2012,4:43 p.m.,New City,22,Male,Black,41.801307,-87.654192
185,"6800 S. Indiana Ave., Chicago, IL",6/9/2012,12:45 a.m.,Greater Grand Crossing,27,Male,Black,41.770887,-87.620692
186,"100 E. 111th St., Chicago, IL",6/9/2012,10:40 a.m.,Roseland,21,Male,Black,41.6926212,-87.6210276
187,"6100 S. Rockwell St., Chicago, IL",6/9/2012,7:57 p.m.,Chicago Lawn,16,Male,Black,41.78271,-87.688968
188,"7500 S. Drexel Ave., Chicago, IL",6/10/2012,2:07 a.m.,Greater Grand Crossing,50,Male,Black,41.7585943,-87.6029176
189,"700 W. 50th Pl., Chicago, IL",6/10/2012,11:30 p.m.,New City,22,Male,Black,41.8025475,-87.6429504
190,"700 W. 50th Pl., Chicago, IL",6/10/2012,11:30 p.m.,New City,21,Male,Black,41.8025475,-87.6429504
191,"9300 S. Cottage Grove Ave., Chicago, IL",6/11/2012,1:25 a.m.,Burnside,21,Male,Black,41.725096,-87.60182
192,"6300 S. Rockwell St., Chicago, IL",6/11/2012,11:15 p.m.,Chicago Lawn,20,Male,Black,41.7791639,-87.6885395
193,"3900 S. Federal St., Chicago, IL",6/12/2012,3:09 a.m.,Grand Boulevard,38,Male,Black,41.823329,-87.628911
194,"5500 W. Henderson Ave., Chicago, IL",6/13/2012,2:10 a.m.,Portage Park,31,Male,White,41.941606,-87.7643329
195,"7300 S. May St., Chicago, IL",6/13/2012,6 a.m.,Englewood,37,Male,Black,41.761277,-87.653153
196,"8900 S. Brandon Ave., Chicago, IL",6/13/2012,10:05 p.m.,South Chicago,17,Male,Black,41.734438,-87.547334
197,"7800 S. Western Ave., Chicago, IL",6/13/2012,11:39 p.m.,Ashburn,22,Male,Black,41.751533,-87.6829725
198,"5100 S. Honore St., Chicago, IL",6/16/2012,1:50 a.m.,New City,32,Male,Black,41.8012382,-87.6708756
199,"2000 W. 70th Pl., Chicago, IL",6/16/2012,7 p.m.,West Englewood,16,Female,Black,41.765974,-87.673715
200,"10700 S. Hoxie Ave., Chicago, IL",6/16/2012,6:22 p.m.,South Deering,30,Male,White,41.700845,-87.561047
201,"1300 N. Lorel Ave., Chicago, IL",6/17/2012,1:25 a.m.,Austin,35,Male,Black,41.9040397,-87.7597669
202,"2300 N. Laramie Ave., Chicago, IL",6/17/2012,12:36 a.m.,Belmont Cragin,32,Male,White,41.9222775,-87.7561044
203,"2300 N. Laramie Ave., Chicago, IL",6/17/2012,12:36 a.m.,Belmont Cragin,46,Male,Black,41.9222775,-87.7561044
204,"1 E. 76th St., Chicago, IL",6/17/2012,1 a.m.,Greater Grand Crossing,25,Female,Black,41.7564251,-87.6247134
205,"900 W. Lawrence Ave., Chicago, IL",6/18/2012,12:31 a.m.,Uptown,19,Male,Black,41.9691387,-87.6527435
206,"1200 N. Mason Ave., Chicago, IL",6/19/2012,1:12 a.m.,Austin,22,Male,Black,41.9020205,-87.7741649
207,"1200 N. Mason Ave., Chicago, IL",6/19/2012,1:12 a.m.,Austin,25,Male,Black,41.9020205,-87.7741649
208,"700 W. 70th St., Chicago, IL",6/22/2012,8:39 p.m.,Englewood,14,Male,Black,41.7670627,-87.6420202
209,"6200 S. Rhodes Ave., Chicago, IL",6/24/2012,1:25 a.m.,Woodlawn,13,Male,Black,41.781942,-87.612409
210,"3700 W. Chicago Ave., Chicago, IL",6/24/2012,1:59 a.m.,Humboldt Park,29,Male,Black,41.895722,-87.718973
211,"13000 S. Eberhart Ave., Chicago, IL",6/24/2012,6:30 p.m.,Riverdale,22,Male,Black,41.65807,-87.611468
212,"9000 S. Dobson Ave., Chicago, IL",6/24/2012,7 p.m.,Burnside,62,Female,Black,41.7312559,-87.5986619
213,"1700 N. Luna Ave., Chicago, IL",6/27/2012,10:43 p.m.,Austin,7,Female,Black,41.911335,-87.764638
214,"2500 S. Kildare Ave., Chicago, IL",6/30/2012,2:15 a.m.,South Lawndale,33,Male,White,41.845704,-87.731885
215,"2500 S. Kildare Ave., Chicago, IL",6/30/2012,2:15 a.m.,South Lawndale,42,Male,White,41.845704,-87.731885
216,"6200 S. Talman Ave., Chicago, IL",6/30/2012,,Chicago Lawn,19,Male,Black,41.780855,-87.690129
217,"4900 W. Washington Blvd., Chicago, IL",6/30/2012,12:47 p.m.,Austin,39,Male,Black,41.88217,-87.748024
218,"4900 W. Washington Blvd., Chicago, IL",6/30/2012,12:47 p.m.,Austin,55,Male,Black,41.88217,-87.748024
219,"800 E. 45th St., Chicago, IL",6/30/2012,10:15 p.m.,Kenwood,17,Male,Black,41.8131756,-87.6066212
220,"3100 W. Van Buren St., Chicago, IL",7/1/2012,1:08 a.m.,East Garfield Park,22,Male,Black,41.876697,-87.70441
221,"8800 S. Exchange Ave., Chicago, IL",7/1/2012,2:10 a.m.,South Chicago,49,Male,Black,41.735373,-87.553162
222,"4100 W. Van Buren St., Chicago, IL",7/1/2012,8:13 p.m.,West Garfield Park,19,Male,Black,41.875494,-87.728084
223,"4200 W. Van Buren St., Chicago, IL",7/2/2012,3:25 p.m.,West Garfield Park,21,Male,Black,41.875455,-87.730578
224,"4100 W. Adams St., Chicago, IL",7/2/2012,8:56 p.m.,West Garfield Park,21,Male,Black,41.8782039,-87.72816
225,"4100 W. Adams St., Chicago, IL",7/2/2012,8:56 p.m.,West Garfield Park,22,Male,Black,41.8782039,-87.72816
226,"7800 S. Ellis Ave., Chicago, IL",7/2/2012,11 p.m.,Greater Grand Crossing,19,Male,Black,41.7531326,-87.6004016
227,"1600 N. Pulaski Rd., Chicago, IL",7/4/2012,10:30 a.m.,Humboldt Park,31,Male,Black,41.9099379,-87.726338
228,"100 E. 68th St., Chicago, IL",7/4/2012,11:20 p.m.,Greater Grand Crossing,35,Male,Black,41.7710382,-87.6218248
229,"1500 W. 78th St., Chicago, IL",7/4/2012,11:30 p.m.,Auburn Gresham,27,Male,Black,41.7522056,-87.6618688
230,"1700 W. 45th St., Chicago, IL",7/5/2012,2:06 a.m.,New City,27,Male,White,41.812224,-87.6675502
231,"4800 W. St. Paul Ave., Chicago, IL",7/5/2012,3:38 a.m.,Austin,18,Male,Black,41.9123888,-87.745986
232,"1300 W. 48th St., Chicago, IL",7/5/2012,4:09 p.m.,New City,20,Male,White,41.8068813,-87.6576535
233,"4800 S. Archer Ave., Chicago, IL",7/5/2012,5:04 p.m.,Archer Heights,18,Male,White,41.806366,-87.7174129
234,"10600 S. Langley Ave., Chicago, IL",7/6/2012,2 a.m.,Pullman,18,Male,White,41.7018119,-87.606607
235,"600 N. Ashland Ave., Chicago, IL",7/10/2012,2:50 a.m.,West Town,21,Male,White,41.8924342,-87.6672717
236,"1 E. Garfield Blvd., Chicago, IL",7/10/2012,4 p.m.,Washington Park,25,Male,Black,41.7942972,-87.6256167
237,"5800 S. Fairfield Ave., Chicago, IL",7/12/2012,2:08 p.m.,Gage Park,16,Male,White,41.788104,-87.692766
238,"1800 S. Sangamon St., Chicago, IL",7/14/2012,1:42 a.m.,Lower West Side,26,Male,White,41.8580494,-87.6499659
239,"1100 S. Whipple Ave., Chicago, IL",7/14/2012,8:31 a.m.,North Lawndale,26,Male,Black,41.868241,-87.702072
240,"1200 W. 79th St., Chicago, IL",7/14/2012,8:35 p.m.,Auburn Gresham,27,Male,Black,41.750759,-87.6540459
241,"7800 S. Constance Ave., Chicago, IL",7/15/2012,9:20 p.m.,South Shore,21,Male,Black,41.753233,-87.580034
242,"7800 S. Colfax Ave., Chicago, IL",7/17/2012,3:04 p.m.,South Shore,21,Male,Black,41.753342,-87.561738
243,"5900 S. Laflin St., Chicago, IL",7/19/2012,3:43 p.m.,West Englewood,16,Male,Black,41.7867566,-87.6619966
244,"1700 W. 75th Pl., Chicago, IL",7/19/2012,9:30 p.m.,Auburn Gresham,16,Male,Black,41.757331,-87.666222
245,"4200 N. Milwaukee Ave., Chicago, IL",7/21/2012,1:46 a.m.,Portage Park,41,Male,White,41.9571532,-87.7517306
246,"5900 W. Lake St., Chicago, IL",7/21/2012,12:49 a.m.,Austin,19,Male,Black,41.8879493,-87.7720757
247,"4500 S. Wood St., Chicago, IL",7/21/2012,6:02 a.m.,New City,37,Male,White,41.812069,-87.670258
248,"5700 S. Sangamon St., Chicago, IL",7/21/2012,12:34 a.m.,Englewood,26,Male,Black,41.790449,-87.6490479
249,"2900 E. 85th St., Chicago, IL",7/21/2012,2:35 a.m.,South Chicago,22,Male,Black,41.7409833,-87.5539172
250,"4400 W. Jackson Blvd., Chicago, IL",7/22/2012,11:37 a.m.,West Garfield Park,30,Male,Black,41.8769735,-87.7353535
251,"2100 E. 96th St., Chicago, IL",7/23/2012,10:18 p.m.,South Deering,17,Male,Black,41.7206704,-87.574057
252,"2100 E. 96th St., Chicago, IL",7/23/2012,10:18 p.m.,South Deering,34,Female,Black,41.7206704,-87.574057
253,"1800 W. Walnut St., Chicago, IL",7/25/2012,9 a.m.,Near West Side,20,Female,Black,41.886288,-87.6720239
254,"1400 E. 73rd St., Chicago, IL",7/25/2012,9:45 p.m.,South Shore,16,Male,Black,41.762634,-87.590726
255,"2600 E. 100th St., Chicago, IL",7/26/2012,11:17 p.m.,South Deering,30,Male,Black,41.7135828,-87.5609776
256,"2600 E. 100th St., Chicago, IL",7/26/2012,11:17 p.m.,South Deering,31,Male,White,41.7135828,-87.5609776
257,"11600 S. Vincennes Ave., Chicago, IL",7/26/2012,5:10 p.m.,Morgan Park,22,Male,Black,41.6834281,-87.6684739
258,"7100 S. Rhodes Ave., Chicago, IL",7/26/2012,3:51 p.m.,Greater Grand Crossing,25,Male,Black,41.7657464,-87.6116114
259,"1 N. Homan Blvd., Chicago, IL",7/27/2012,3:55 a.m.,East Garfield Park,35,Male,White,41.8809135,-87.7109789
260,"300 N. Latrobe Ave., Chicago, IL",7/30/2012,9:41 p.m.,Austin,39,Male,Black,41.885796,-87.756836
261,"1200 S. Kolin Ave., Chicago, IL",7/31/2012,11:10 p.m.,North Lawndale,32,Male,Black,41.8660286,-87.733753
262,"5000 W. Thomas St., Chicago, IL",8/1/2012,1:10 a.m.,Austin,18,Male,Black,41.9004763,-87.7508327
263,"700 S. Independence Blvd., Chicago, IL",8/1/2012,7:55 p.m.,West Garfield Park,23,Male,Black,41.871538,-87.720738
264,"600 N. Avers Ave., Chicago, IL",8/2/2012,12:50 p.m.,Humboldt Park,16,Male,Black,41.8917276,-87.7223181
265,"600 N. Avers Ave., Chicago, IL",8/2/2012,12:50 p.m.,Humboldt Park,16,Male,Black,41.8917276,-87.7223181
266,"900 N. Lawler Ave., Chicago, IL",8/2/2012,9:32 p.m.,Austin,52,Male,Black,41.896908,-87.752318
267,"11200 S. Langley Ave., Chicago, IL",8/2/2012,10:40 p.m.,Pullman,31,Male,White,41.6909892,-87.6059836
268,"2100 N. St. Louis Ave., Chicago, IL",8/3/2012,4:35 a.m.,Logan Square,24,Male,White,41.9191484,-87.7135728
269,"4900 N. Whipple St., Chicago, IL",8/5/2012,2:45 a.m.,Albany Park,19,Male,Black,41.97047,-87.705204
270,"5500 S. Wabash Ave., Chicago, IL",8/5/2012,7:01 p.m.,Washington Park,21,Male,Black,41.793992,-87.624527
271,"7300 S. Oglesby Ave., Chicago, IL",8/5/2012,10:24 p.m.,South Shore,22,Male,Black,41.76242,-87.5679959
272,"9800 S. Throop St., Chicago, IL",8/6/2012,12:40 a.m.,Washington Heights,47,Male,Black,41.7158242,-87.6552556
273,"1100 S. Laflin St., Chicago, IL",8/6/2012,10 p.m.,Near West Side,20,Male,Black,41.8684945,-87.6640635
274,"1 E. 56th St., Chicago, IL",8/8/2012,3:23 a.m.,Washington Park,28,Male,Black,41.7928248,-87.6255988
275,"6300 S. King Dr., Chicago, IL",8/8/2012,11:39 p.m.,Woodlawn,19,Male,Black,41.7797065,-87.6156417
276,"6800 S. Prairie Ave., Chicago, IL",8/9/2012,1 a.m.,Greater Grand Crossing,41,Male,Black,41.7710619,-87.6186204
277,"5700 S. Hermitage Ave., Chicago, IL",8/9/2012,3:45 a.m.,West Englewood,27,Male,Black,41.7903095,-87.6681707
278,"8300 S. Kostner Ave., Chicago, IL",8/9/2012,10:17 p.m.,Ashburn,21,Male,White,41.7420085,-87.7314029
279,"8800 S. Exchange Ave., Chicago, IL",8/12/2012,8:20 p.m.,South Chicago,26,Male,Black,41.735373,-87.553162
280,"5700 S. Elizabeth St., Chicago, IL",8/13/2012,9:49 p.m.,West Englewood,21,Male,Black,41.790345,-87.656332
281,"100 E. Delaware Pl., Chicago, IL",8/13/2012,10 a.m.,Near North Side,22,Female,Black,41.8991992,-87.6259654
282,"11600 S. Yale Ave., Chicago, IL",8/14/2012,10:42 a.m.,West Pullman,19,Male,Black,41.683301,-87.629164
283,"7500 S. Kingston Ave., Chicago, IL",8/15/2012,12:05 a.m.,South Shore,39,Male,Black,41.7590012,-87.5627582
284,"6200 S. Laflin St., Chicago, IL",8/15/2012,10:30 p.m.,West Englewood,21,Male,Black,41.7811639,-87.662164
285,"6900 S. Oglesby Ave., Chicago, IL",8/15/2012,12:30 p.m.,South Shore,38,Male,Black,41.769622,-87.56868
286,"2900 W. Sherwin Ave., Chicago, IL",8/16/2012,8:56 a.m.,West Ridge,50,Female,White,42.0149959,-87.702204
287,"500 S. Kilpatrick Ave., Chicago, IL",8/17/2012,6:23 p.m.,Austin,18,Male,Black,41.8741215,-87.7425999
288,"11500 S. Wentworth Ave., Chicago, IL",8/18/2012,12:16 a.m.,West Pullman,18,Male,Black,41.685242,-87.6277115
289,"700 E. 92nd St., Chicago, IL",8/18/2012,10:36 a.m.,Chatham,28,Male,Black,41.7274964,-87.6069822
290,"7400 S. Peoria St., Chicago, IL",8/18/2012,11:53 a.m.,Englewood,36,Male,Black,41.759568,-87.6470439
291,"2400 W. 35th St., Chicago, IL",8/18/2012,5:05 a.m.,McKinley Park,17,Female,White,41.8302972,-87.6850746
292,"100 N. Pine Ave., Chicago, IL",8/18/2012,8:14 p.m.,Austin,18,Male,Black,41.8822759,-87.7632648
293,"3000 S. Pulaski Rd., Chicago, IL",8/19/2012,3:28 a.m.,South Lawndale,22,Male,White,41.838601,-87.724739
294,"4600 S. Wolcott Ave., Chicago, IL",8/21/2012,4:06 p.m.,New City,15,Male,White,41.8103226,-87.6723151
295,"2900 W. 59th St., Chicago, IL",8/21/2012,6:53 p.m.,Chicago Lawn,22,Male,Black,41.7863759,-87.6960527
296,"2900 W. 59th St., Chicago, IL",8/21/2012,6:53 p.m.,Chicago Lawn,15,Male,White,41.7863759,-87.6960527
297,"700 E. 50th St., Chicago, IL",8/22/2012,8:56 p.m.,Grand Boulevard,21,Male,Black,41.804043,-87.6088591
298,"2800 W. Wilcox St., Chicago, IL",8/22/2012,5:30 p.m.,East Garfield Park,49,Male,Black,41.8792607,-87.6962521
299,"3000 S. Wallace St., Chicago, IL",8/24/2012,5:40 p.m.,Bridgeport,30,Male,White,41.83976,-87.641796
300,"7900 S. Drexel Ave., Chicago, IL",8/24/2012,5:14 p.m.,Greater Grand Crossing,17,Male,Black,41.751115,-87.6030849
301,"8800 S. Indiana Ave., Chicago, IL",8/24/2012,8:02 p.m.,Greater Grand Crossing,34,Male,Black,41.73446,-87.619794
302,"7800 S. Champlain Ave., Chicago, IL",8/24/2012,8:37 p.m.,Greater Grand Crossing,19,Male,Black,41.752865,-87.609264
303,"4900 S. Drexel Blvd., Chicago, IL",8/25/2012,2:27 a.m.,Kenwood,23,Male,Black,41.8058296,-87.6045732
304,"600 E. 79th St., Chicago, IL",8/25/2012,1:12 p.m.,Chatham,20,Male,Black,41.751426,-87.609792
305,"600 E. 79th St., Chicago, IL",8/25/2012,1:12 p.m.,Chatham,18,Male,Black,41.751426,-87.609792
306,"9000 S. East End Ave., Chicago, IL",8/26/2012,2:58 a.m.,Calumet Heights,28,Male,Black,41.731344,-87.58308
307,"600 E. 67th St., Chicago, IL",8/26/2012,2:50 p.m.,Woodlawn,19,Male,Black,41.7731946,-87.6104101
308,"7800 S. Marshfield Ave., Chicago, IL",8/28/2012,9:41 p.m.,Auburn Gresham,31,Male,Black,41.751979,-87.665035
309,"8000 S. Bishop St., Chicago, IL",8/29/2012,1 p.m.,Auburn Gresham,24,Male,Black,41.748444,-87.660083
310,"4800 S. Ashland Ave., Chicago, IL",8/31/2012,5:11 p.m.,New City,17,Male,Black,41.806649,-87.665296
311,"1000 W. Montrose Ave., Chicago, IL",9/2/2012,5:11 a.m.,Uptown,45,Female,Black,41.95988,-87.658409
312,"9200 S. Chappel Ave., Chicago, IL",9/2/2012,4 a.m.,Calumet Heights,38,Male,Black,41.727239,-87.574635
313,"5300 S. Hamlin Ave., Chicago, IL",9/4/2012,2:27 a.m.,West Elsdon,27,Male,White,41.796817,-87.718706
314,"6900 S. Princeton Ave., Chicago, IL",9/4/2012,9:03 p.m.,Greater Grand Crossing,18,Male,Black,41.7682647,-87.6323211
315,"5400 S. Wabash Ave., Chicago, IL",9/4/2012,3:30 p.m.,Washington Park,35,Male,Black,41.796228,-87.624618
316,"8600 S. Lafayette Ave., Chicago, IL",9/5/2012,,Chatham,25,Male,Black,41.7358583,-87.625441
317,"8100 S. Ingleside Ave., Chicago, IL",9/5/2012,12:15 a.m.,Chatham,19,Male,Black,41.747512,-87.601782
318,"2000 N. Lamon Ave., Chicago, IL",9/6/2012,11:20 p.m.,Belmont Cragin,23,Male,White,41.9169006,-87.7486796
319,"2900 W. 56th St., Chicago, IL",9/8/2012,9:57 a.m.,Gage Park,17,Male,White,41.791831,-87.6962006
320,"11600 S. Wallace St., Chicago, IL",9/8/2012,5:52 a.m.,West Pullman,36,Male,Black,41.6840576,-87.6373028
321,"5600 S. Michigan Ave., Chicago, IL",9/12/2012,6:28 p.m.,Washington Park,38,Male,Black,41.792726,-87.622756
322,"2500 W. Thomas St., Chicago, IL",9/13/2012,1:15 a.m.,West Town,28,Male,White,41.9014219,-87.689613
323,"12200 S. Ada St., Chicago, IL",9/14/2012,8:42 p.m.,West Pullman,35,Male,Black,41.671989,-87.655461
324,"4800 W. George St., Chicago, IL",9/15/2012,2:45 a.m.,Belmont Cragin,22,Male,White,41.9333675,-87.7467248
325,"900 N. Drake Ave., Chicago, IL",9/15/2012,1:13 a.m.,Humboldt Park,26,Male,Black,41.897417,-87.715506
326,"1300 N. Latrobe Ave., Chicago, IL",9/16/2012,8:07 a.m.,Austin,22,Male,Black,41.9040591,-87.7570281
327,"4500 S. Lavergne Ave., Chicago, IL",9/17/2012,1:05 a.m.,Garfield Ridge,25,Male,Black,41.811075,-87.748493
328,"5900 S. Normal Blvd., Chicago, IL",9/17/2012,3:34 p.m.,Englewood,26,Male,Black,41.7871288,-87.6376836
329,"5600 N. Winthrop Ave., Chicago, IL",9/18/2012,6:06 a.m.,Edgewater,21,Male,Black,41.9836851,-87.6580351
330,"6800 S. Calumet Ave., Chicago, IL",9/19/2012,7:25 p.m.,Greater Grand Crossing,23,Male,Black,41.7710966,-87.617012
331,"200 W. 106th St., Chicago, IL",9/20/2012,11:13 p.m.,Roseland,28,Male,Black,41.7016446,-87.6281802
332,"3200 W. LeMoyne St., Chicago, IL",9/21/2012,12:17 a.m.,West Town,25,Male,White,41.9083079,-87.7069537
333,"1 W. 122nd St., Chicago, IL",9/22/2012,2:05 a.m.,West Pullman,18,Male,Black,41.6725271,-87.6224989
334,"1600 E. 91st St., Chicago, IL",9/22/2012,5:14 p.m.,Calumet Heights,25,Male,Black,41.7296244,-87.5850175
335,"900 W. 87th St., Chicago, IL",9/22/2012,8:02 p.m.,Auburn Gresham,29,Male,Black,41.7360468,-87.6462865
336,"8800 S. Cottage Grove Ave., Chicago, IL",9/24/2012,9:55 p.m.,Chatham,29,Male,Black,41.73469,-87.605184
337,"6500 S. California Ave., Chicago, IL",9/24/2012,11 a.m.,Chicago Lawn,28,Male,Black,41.775337,-87.693634
338,"11800 S. Lafayette Ave., Chicago, IL",9/24/2012,9:33 p.m.,Roseland,26,Male,Black,41.6798147,-87.6239683
339,"400 W. 120th St., Chicago, IL",9/25/2012,3:24 a.m.,West Pullman,25,Female,Black,41.6761046,-87.6322453
340,"400 W. 120th St., Chicago, IL",9/25/2012,3:24 a.m.,West Pullman,38,Male,Black,41.6761046,-87.6322453
341,"6100 S. Woodlawn Ave., Chicago, IL",9/25/2012,10:45 a.m.,Woodlawn,36,Male,Black,41.784017,-87.596716
342,"8700 S. Marquette Ave., Chicago, IL",9/25/2012,8:50 p.m.,South Chicago,22,Male,Black,41.7371086,-87.5587798
343,"8200 S. Houston Ave., Chicago, IL",9/26/2012,3 a.m.,South Chicago,20,Male,White,41.746376,-87.550729
344,"4000 S. Lake Park Ave., Chicago, IL",9/26/2012,7:07 p.m.,Oakland,17,Male,Black,41.822176,-87.602524
345,"1800 S. Morgan St., Chicago, IL",9/27/2012,7:51 p.m.,Lower West Side,19,Male,White,41.857883,-87.651685
346,"3800 W. Congress Parkway, Chicago, IL",9/28/2012,8:47 p.m.,West Garfield Park,33,Male,Black,41.8744675,-87.7204239
347,"9200 S. Chappel Ave., Chicago, IL",9/28/2012,7:04 p.m.,Calumet Heights,17,Male,Black,41.727239,-87.574635
348,"900 W. 35th St., Chicago, IL",9/30/2012,5:22 a.m.,Bridgeport,25,Male,White,41.8307307,-87.6485424
349,"11400 S. Yale Ave., Chicago, IL",10/1/2012,7:41 p.m.,Roseland,43,Male,Black,41.687037,-87.6290263
350,"2100 E. 95th St., Chicago, IL",10/5/2012,9:08 p.m.,South Deering,22,Male,Black,41.7225019,-87.572744
351,"2700 W. 62nd St., Chicago, IL",10/6/2012,11 p.m.,Chicago Lawn,23,Female,Black,41.780984,-87.6910072
352,"4400 S. Marshfield Ave., Chicago, IL",10/6/2012,12:53 p.m.,New City,27,Male,White,41.8140166,-87.6663506
353,"7400 S. Dorchester Ave., Chicago, IL",10/8/2012,8:16 p.m.,South Shore,17,Male,Black,41.76041,-87.591179
354,"5300 N. Delphia Ave., Chicago, IL",10/9/2012,12:45 a.m.,O'Hare,48,Male,White,41.9751373,-87.8415724
355,"5800 S. Aberdeen St., Chicago, IL",10/9/2012,8:45 p.m.,Englewood,39,Male,Black,41.788579,-87.652573
356,"3000 E. 83rd St., Chicago, IL",10/10/2012,7:32 p.m.,South Chicago,28,Male,Black,41.7446722,-87.5509657
357,"600 E. 87th Pl., Chicago, IL",10/11/2012,12:02 p.m.,Chatham,21,Male,Black,41.735923,-87.609473
358,"7100 S. Eggleston Ave., Chicago, IL",10/12/2012,11:36 p.m.,Englewood,34,Male,Black,41.765167,-87.636222
359,"6800 S. East End Ave., Chicago, IL",10/12/2012,7:14 p.m.,South Shore,73,Male,Black,41.771358,-87.584148
360,"4800 W. Wolfram St., Chicago, IL",10/13/2012,,Belmont Cragin,20,Female,White,41.9324623,-87.7466942
361,"6300 S. Rhodes Ave., Chicago, IL",10/13/2012,10:12 p.m.,Woodlawn,17,Male,Black,41.7802881,-87.6120522
362,"6100 S. Ashland Ave., Chicago, IL",10/13/2012,6:35 p.m.,West Englewood,33,Male,White,41.782996,-87.664678
363,"5300 S. Calumet Ave., Chicago, IL",10/14/2012,5:10 a.m.,Washington Park,18,Male,Black,41.798177,-87.6180849
364,"3000 S. Haynes Court, Chicago, IL",10/17/2012,4:50 a.m.,Bridgeport,55,Male,Asian,41.839271,-87.6568224
365,"1000 E. 73rd St., Chicago, IL",10/17/2012,7:14 p.m.,Greater Grand Crossing,39,Male,Black,41.7622942,-87.6004879
366,"11300 S. May St., Chicago, IL",10/17/2012,8:30 p.m.,Morgan Park,36,Male,Black,41.6884185,-87.651146
367,"9900 S. Yates Ave., Chicago, IL",10/19/2012,4:31 p.m.,South Deering,18,Male,Black,41.7152421,-87.5646276
368,"7300 S. Winchester Ave., Chicago, IL",10/19/2012,10:34 a.m.,West Englewood,34,Male,Black,41.761046,-87.672567
369,"1 S. Pulaski Rd., Chicago, IL",10/20/2012,12:31 p.m.,West Garfield Park,36,Male,Black,41.8807227,-87.7256417
370,"1300 W. Estes Ave., Chicago, IL",10/20/2012,,Rogers Park,17,Male,Black,42.0116205,-87.6628853
371,"8600 S. Kingston Ave., Chicago, IL",10/21/2012,6:06 p.m.,South Chicago,25,Male,Black,41.738926,-87.562744
372,"1 N. Central Ave., Chicago, IL",10/21/2012,3:07 a.m.,Austin,21,Male,Black,41.8803238,-87.7648411
373,"9400 S. Rhodes Ave., Chicago, IL",10/21/2012,4:15 p.m.,Roseland,25,Male,Black,41.7237525,-87.6105863
374,"9400 S. Rhodes Ave., Chicago, IL",10/21/2012,4:15 p.m.,Roseland,18,Male,Black,41.7237525,-87.6105863
375,"9800 S. Merrill Ave., Chicago, IL",10/21/2012,12:40 p.m.,South Deering,30,Male,Black,41.7169529,-87.571321
376,"8000 S. Halsted St., Chicago, IL",10/24/2012,10:40 p.m.,Auburn Gresham,28,Male,Black,41.748689,-87.6443369
377,"3800 W. Augusta Blvd., Chicago, IL",10/27/2012,8:15 a.m.,Humboldt Park,21,Male,Black,41.899094,-87.7213036
378,"500 E. 75th St., Chicago, IL",10/28/2012,3:01 a.m.,Greater Grand Crossing,22,Male,Black,41.7586749,-87.612292
379,"9400 S. La Salle St., Chicago, IL",10/28/2012,11:03 p.m.,Roseland,68,Male,Black,41.723353,-87.6278339
380,"1100 N. Keystone Ave., Chicago, IL",10/28/2012,10:15 a.m.,Humboldt Park,21,Male,Black,41.90095,-87.7278089
381,"6800 S. Halsted St., Chicago, IL",10/28/2012,4:32 p.m.,Englewood,25,Male,Black,41.770465,-87.644915
382,"1300 W. 13th St., Chicago, IL",10/28/2012,8:02 p.m.,Near West Side,35,Male,Black,41.8651125,-87.6589404
383,"7900 S. Escanaba Ave., Chicago, IL",10/29/2012,11:15 a.m.,South Chicago,33,Male,Black,41.751677,-87.554357
384,"1100 W. Wilson Ave., Chicago, IL",10/29/2012,2:32 p.m.,Uptown,37,Male,Black,41.9654143,-87.6574531
385,"1600 N. Spaulding Ave., Chicago, IL",10/29/2012,6:17 p.m.,Humboldt Park,36,Female,White,41.9100247,-87.7094805
386,"6200 S. Eberhart Ave., Chicago, IL",10/30/2012,9:12 a.m.,Woodlawn,23,Male,Black,41.781872,-87.613591
387,"12200 S. Union Ave., Chicago, IL",10/30/2012,8 p.m.,West Pullman,18,Male,Black,41.6723621,-87.6393406
388,"5400 S. Wolcott Ave., Chicago, IL",10/31/2012,7:25 p.m.,New City,30,Male,Black,41.795677,-87.67227
389,"500 N. Lamon Ave., Chicago, IL",10/31/2012,9:14 a.m.,Austin,19,Male,Black,41.8895488,-87.7480713
390,"5700 S. Calumet Ave., Chicago, IL",11/1/2012,9:40 a.m.,Washington Park,19,Male,Black,41.7910624,-87.6176349
391,"9700 S. Exchange Ave., Chicago, IL",11/3/2012,5:45 a.m.,South Deering,28,Male,Black,41.7190675,-87.5524309
392,"5600 S. Shields Ave., Chicago, IL",11/3/2012,4:01 a.m.,Englewood,19,Male,Black,41.7918506,-87.6341168
393,"4900 W. Diversey Ave., Chicago, IL",11/3/2012,8:08 a.m.,Belmont Cragin,29,Male,White,41.931771,-87.74923
394,"1300 W. Loomis St., Chicago, IL",11/3/2012,3:26 a.m.,Near West Side,26,Male,Black,41.8651397,-87.6615235
395,"2400 W. 79th St., Chicago, IL",11/7/2012,4:33 p.m.,Ashburn,20,Male,Black,41.7501724,-87.6829526
396,"2600 W. 83rd St., Chicago, IL",11/8/2012,11:27 p.m.,Ashburn,17,Male,Black,41.742954,-87.6877513
397,"9000 S. Colfax Ave., Chicago, IL",11/9/2012,,Calumet Heights,19,Male,Black,41.7314385,-87.5609568
398,"2600 E. 79th St., Chicago, IL",11/10/2012,12:56 p.m.,South Shore,20,Male,Black,41.7518883,-87.5612041
399,"11300 S. Stewart Ave., Chicago, IL",11/12/2012,11:35 p.m.,Roseland,16,Female,White,41.688692,-87.6329499
400,"1100 W. 84th St., Chicago, IL",11/13/2012,7:40 p.m.,Auburn Gresham,40,Male,White,41.7414467,-87.6510553
401,"4900 N. Whipple St., Chicago, IL",11/15/2012,10:55 a.m.,Albany Park,24,Male,White,41.97047,-87.705204
402,"5900 S. Richmond St., Chicago, IL",11/15/2012,5:38 p.m.,Chicago Lawn,15,Male,White,41.7863205,-87.6972578
403,"5100 W. Thomas St., Chicago, IL",11/15/2012,6:32 p.m.,Austin,26,Male,White,41.9004495,-87.7532816
404,"1200 S. Kolin Ave., Chicago, IL",11/16/2012,1:11 p.m.,North Lawndale,49,Male,Black,41.8660286,-87.733753
405,"2500 S. Trumbull Ave., Chicago, IL",11/17/2012,3:15 a.m.,South Lawndale,20,Male,White,41.84612,-87.711517
406,"6600 S. Bell Ave., Chicago, IL",11/17/2012,7:20 a.m.,Chicago Lawn,22,Male,Black,41.773689,-87.680059
407,"700 W. 51st St., Chicago, IL",11/18/2012,11:43 a.m.,New City,23,Male,Black,41.801867,-87.643079
408,"4300 S. Hermitage Ave., Chicago, IL",11/18/2012,10:42 a.m.,New City,16,Male,White,41.8158117,-87.6688232
409,"6000 S. Michigan Ave., Chicago, IL",11/19/2012,8:24 p.m.,Washington Park,32,Male,Black,41.7855608,-87.6222531
410,"3400 W. Sunnyside Ave., Chicago, IL",11/20/2012,10:57 p.m.,Albany Park,22,Male,Black,41.9630579,-87.7135297
411,"4500 S. Halsted St., Chicago, IL",11/21/2012,9:55 a.m.,New City,19,Male,White,41.813029,-87.646375
412,"5500 S. Albany Ave., Chicago, IL",11/22/2012,12:59 p.m.,Gage Park,25,Male,Black,41.7935373,-87.7011292
413,"4900 S. Seeley Ave., Chicago, IL",11/22/2012,2:15 p.m.,New City,19,Male,Black,41.8048518,-87.6758344
414,"2300 W. Lake St., Chicago, IL",11/25/2012,8:04 a.m.,Near West Side,34,Male,Black,41.8847209,-87.6840776
415,"5500 S. Emerald Ave., Chicago, IL",11/25/2012,8:47 p.m.,Englewood,25,Male,Black,41.7939486,-87.6439534
416,"300 E. 71st St., Chicago, IL",11/26/2012,1 p.m.,Greater Grand Crossing,21,Male,Black,41.7656488,-87.6184376
417,"300 E. 71st St., Chicago, IL",11/26/2012,1 p.m.,Greater Grand Crossing,27,Male,,41.7656488,-87.6184376
418,"4300 W. Van Buren St., Chicago, IL",11/26/2012,5:01 p.m.,West Garfield Park,43,Male,Black,41.8751816,-87.7328492
419,"6900 S. Campbell Ave., Chicago, IL",11/26/2012,9:19 p.m.,Chicago Lawn,15,Female,Black,41.7680279,-87.6859704
420,"6800 S. Ridgeland Ave., Chicago, IL",11/28/2012,10:46 p.m.,South Shore,22,Male,Black,41.771375,-87.582934
421,"6100 S. Morgan St., Chicago, IL",11/30/2012,11:09 p.m.,Englewood,33,Male,Black,41.783309,-87.6497673
422,"5000 N. Winthrop Ave., Chicago, IL",11/30/2012,11:50 p.m.,Uptown,46,Male,Black,41.9732986,-87.6577513
423,"8200 S. Dobson Ave., Chicago, IL",11/30/2012,7:15 p.m.,Chatham,32,Male,Black,41.7458433,-87.5989591
424,"4200 S. Wells St., Chicago, IL",11/30/2012,6:36 p.m.,Fuller Park,30,Male,Black,41.818091,-87.632729
425,"200 W. 37th St., Chicago, IL",12/1/2012,2:52 a.m.,Armour Square,29,Male,Black,41.8272922,-87.6314041
426,"4800 W. Fulton St., Chicago, IL",12/1/2012,3 p.m.,Austin,23,Female,White,41.886005,-87.745783
427,"6600 S. Blackstone Ave., Chicago, IL",12/2/2012,5:45 p.m.,Woodlawn,53,Male,Black,41.7751254,-87.5888478
428,"6400 S. Eberhart Ave., Chicago, IL",12/3/2012,7:49 a.m.,Woodlawn,23,Female,White,41.7784293,-87.6131917
429,"1100 N. Harding Ave., Chicago, IL",12/9/2012,6:40 p.m.,Humboldt Park,16,Male,Black,41.900989,-87.725373
430,"1000 S. Austin Blvd., Chicago, IL",12/9/2012,11:48 p.m.,Austin,32,Male,White,41.867778,-87.774576
431,"2400 W. Flournoy St., Chicago, IL",12/16/2012,3:19 a.m.,Near West Side,28,Male,Black,41.8731739,-87.6864027
432,"5800 W. Superior St., Chicago, IL",12/17/2012,10:35 p.m.,Austin,38,Male,Black,41.8938573,-87.7701056
433,"4800 W. Quincy St., Chicago, IL",12/20/2012,8:12 p.m.,Austin,15,Male,Black,41.8776993,-87.7452094
434,"2700 E. 84th St., Chicago, IL",12/22/2012,6:35 p.m.,South Chicago,20,Male,Black,41.7427438,-87.5587931
435,"3300 W. Crystal St., Chicago, IL",12/23/2012,6:22 a.m.,Humboldt Park,26,Male,Black,41.903988,-87.709434
436,"3500 W. Lake St., Chicago, IL",12/23/2012,6:05 a.m.,East Garfield Park,35,Male,White,41.8849917,-87.7137177
437,"2000 W. 69th St., Chicago, IL",12/26/2012,12:30 a.m.,West Englewood,18,Male,Black,41.768704,-87.673792
438,"5400 S. California Ave., Chicago, IL",12/26/2012,9:56 p.m.,Gage Park,32,Male,White,41.795369,-87.694199
439,"4900 W. Augusta Blvd., Chicago, IL",12/28/2012,12:18 a.m.,Austin,40,Male,Black,41.898908,-87.74855
440,"500 E. 109th St., Chicago, IL",12/30/2012,11 a.m.,Roseland,19,Male,Black,41.6964028,-87.6110307
441,"5000 S. Indiana Ave., Chicago, IL",12/30/2012,5:10 p.m.,Grand Boulevard,28,Male,Black,41.8038273,-87.6210965
442,"3300 N. Keeler Ave., Chicago, IL",12/31/2012,12:16 a.m.,Irving Park,19,Male,White,41.9408525,-87.7320967
